{"scene-0001.mp4": [30.969484405345945, -9.237028116986421, -4.930928029845511, 9.279726044321903, -1.0619323931857398, 0.678287788631833, 0.3280072579415129, 1.9897883625360344, -0.9472149496169191, 2.332142489731188, -0.6702705438873116, -0.36425735512745233, -1.1452352902048757, -0.9847191942365927, -0.27524029777029835, -0.30049318107556156, 0.8612995884110576, -2.847500492325532, 1.903995015057774, 1.831690228764828e-15], "scene-0002.mp4": [16.694260568554625, 5.406312144116737, 8.987644877654624, -0.8488443107439554, -2.557944282682433, 3.432407114876652, 2.1663317511981326, -0.036600990113903865, 5.183806903156265, -1.40853332240409, 4.986880166183267, -0.7252591621450821, 1.6059813328408812, -0.7590431538662171, 1.3307157810355592, -0.4938411292621345, -2.3294203551075197, -1.565444436268868, -0.42510915185585557, 1.8316902287648288e-15], "scene-0003.mp4": [-15.664478029305513, -6.968904041157081, -12.575766313731867, -4.136212855498528, -3.126863602201752, 10.670786962994171, 2.933955657922745, -1.5021663157090572, -0.4679590105314788, -2.740755074670827, -2.4252299211638375, 0.1360925523822422, -0.9264536470587046, -2.074256018413518, 0.8773868144077539, -0.4078769925151085, -0.7107985370832091, 0.07586361643751148, -0.153557996555185, 1.831690228764827e-15], "scene-0004.mp4": [-19.861677556315595, 1.5089591464873937, 7.328044237944065, 8.121107712429827, 4.68344507987047, -1.7475488806856025, 4.594940551874499, -3.3356842756645784, -2.890103249187005, -2.0429983344978098, -0.5292002071190667, -2.8866650215896796, 1.481330345911371, -0.042366450322459885, 3.247799541260498, -0.4540448004072606, 0.8854221131034468, 0.2960405803505391, 0.6710656664572996, 1.831690228764827e-15], "scene-0005.mp4": [10.628397461746188, 13.182950234246258, 3.2429384411868556, -5.108162640427633, -2.6637124494434037, -3.317437183060941, -2.2890564443721795, -1.3657074067877548, -2.3550987868690814, -3.606852617773602, -0.8048648306447062, -3.3851864344024203, -3.049352735939489, -1.8352801687348415, -2.0470949441930095, -2.1604256506899953, 0.6019673782144017, -0.5141920083749946, 0.27365201058193867, 1.8316902287648264e-15], "scene-0006.mp4": [13.294435912081035, 4.798880678986073, 0.5414237844520792, 1.610181491315707, -2.954230189058747, 1.8668043242553756, 1.5621178714052315, -0.921891397211401, 4.5503331224260455, -0.9432750686673521, -0.21670795199779813, -0.9669330416074927, -1.0160849311413829, 0.5377310174708579, -0.6242908764221434, 3.762614201364821, 3.358292015680408, 1.9036959394154338, 0.4054407992107608, 1.8316902287648288e-15], "scene-0007.mp4": [-28.990095949088204, 12.773567602194504, -0.3721579113243455, 3.468476850553837, -4.550729046112066, 3.008961528393527, -5.531332988624422, 3.8668090346990223, 0.4835752933794613, 3.5993441741400605, 0.3814215608593367, 0.39726111644637246, -1.2885601226462378, 0.9232359319560004, 2.396708842087322, -1.0740042351699153, 0.13660935213681402, 0.6339266674105583, 0.8555817264447992, 1.83169022876483e-15], "scene-0008.mp4": [5.645256934130417, -1.8965492962747892, 4.056471990873173, -1.4371413558993238, -2.116652251268588, -0.9624952111455205, -0.7437117135517768, 0.46074653663737847, -1.0569964534278233, -3.6046363773212753, -0.7444371760850288, 3.8096076967861854, 2.7627478602385502, 1.2099995364010552, -1.317100636218603, -0.46293615966282353, -1.3206627286207797, 1.6587688878934168, 3.1363203477041957, 1.8316902287648244e-15], "scene-0009.mp4": [-19.867882297196253, -0.6375753988204206, -11.061389407487223, 1.0277232151058158, 3.016582781049135, -7.0590454737971715, -3.3075704513439024, -0.4266419040015908, 6.428640512776292, -1.2536645304790053, -2.8584224367629907, -0.9576812883726611, 2.217035704159505, -1.1183012337977813, -0.5094498768116331, -0.11300334886261895, -0.5301874293484273, -1.0348546938336298, -0.04607187619429683, 1.831690228764828e-15], "scene-0010.mp4": [-19.463012588053186, -9.468741050858911, 14.80967306039446, -1.9771916004518604, 3.264497726002583, 1.1214292792583638, 1.6053238406832975, 5.913527015919347, 1.2010030078593088, -2.149359381771191, -2.4178248620801743, 0.22138489321557064, -2.0008980884983374, 1.6860341183753178, -1.229952635247375, 0.20025813984626836, 0.36840276651215387, -1.0911574374029238, -0.8330346971510109, 1.831690228764829e-15], "scene-0011.mp4": [19.609517551257028, -8.827470223222402, 2.296111232461207, 8.367306221617238, -1.5904741326569312, 1.109451276467364, -3.273233585818932, 0.11101456464529774, -0.10789052732927762, 0.5940934180978569, -1.3208671421173863, -2.2262869813932578, 0.4996407676236339, 0.06303622409758412, -1.0659502703399617, -1.3812796718743319, -1.7173784175564268, 2.9345317444095187, -2.0548589660759764, 1.8316902287648288e-15], "scene-0012.mp4": [-12.00475670648105, -5.127924482142337, -4.668527101353122, -5.6438757805608875, 1.0797974405292676, 0.21698522188886923, 2.9080306545440746, 2.845312933944377, -1.0910561392680584, 3.2766887214755767, 4.1229620683593735, -2.7865977374949797, 3.0639611960134507, -0.6727214129723671, -2.28890918620052, -1.5410050147954977, 2.0215595933693824, 0.8914377312612827, 0.28900317715748547, 1.831690228764829e-15], "scene-0013.mp4": [-9.481391587973826, -7.5572748705435435, -4.629474112073303, 0.683324517110801, 1.1990488721904418, -0.2778954185078519, -1.734174285218005, -5.467523162766096, 0.8896124006689665, -0.48911238961404113, 3.79762906039487, 1.407709647479106, -2.7005503207438757, 4.7425516504541845, -0.8003415580154489, -1.3841795808896722, 0.5307120147699708, -0.532331470052261, -0.1797415775454256, 1.831690228764831e-15], "scene-0014.mp4": [2.4355001714475732, -6.37874553110857, 9.69723097600234, -8.81104495427473, -2.2535590848120344, 0.7149723731687556, -3.669477241195693, -4.356847977165419, -1.125286762080931, 5.00076839914247, -2.8610776383124357, -1.732681997748352, 1.5314349766872475, 0.5843464143731077, 0.7837794478808573, 1.6220307446291173, -0.4327939991546818, -0.9658121299451257, 0.30938706680078437, 1.831690228764829e-15], "scene-0015.mp4": [18.84655512691346, 5.556586145238065, -10.318896959755286, -4.534739987801317, -1.9707758100172843, -5.062739590659252, 5.582237471709555, 2.8349737785727425, -1.484382511841696, 0.6662155143275826, -1.7122518084516458, -1.1272844084081783, -0.30739300490290195, 3.9619178301074083, 1.8557995849598188, 0.45983417692746437, -1.5507521308112817, 0.17565063538904946, -0.6153488922696059, 1.83169022876483e-15], "scene-0016.mp4": [-5.271126333482937, 8.944781319852034, -1.257903516904688, 4.3266460772246615, -3.9867240129260226, 1.1482187706918028, -0.9184195397367165, -0.3809809922709043, -3.956764927882155, -1.324245252049638, -0.23488384319231803, 2.929554423303269, 3.472636975219673, 0.6261309477860657, -1.7288955713543634, 1.1195718421778789, 1.2206388127621357, -1.8623302460340339, -2.258991605352233, 1.831690228764829e-15], "scene-0017.mp4": [-8.344394538142247, -7.963856759327539, -3.1938983039050615, -0.9407526145090073, 0.38340342382980946, -4.449781916290244, -3.6197405315746645, 1.7216892475201668, -3.522590390861442, -2.0285109542075683, 4.329084807601748, -0.1640991879631379, -1.5823775523494006, -2.2927141509547964, 1.1393532247121325, 3.578301724005624, -1.3470869799839387, 0.32542827630524185, -0.16235190219520015, 1.8316902287648295e-15], "scene-0018.mp4": [11.283861005094147, -4.8521946914598875, 3.2493767997630596, -3.4768216748150285, -1.4417046005470682, -5.275778718763393, 1.5179226454416492, -0.5062635255147491, 0.9656403562592799, 1.3162368252201266, -0.3241110200460266, 5.086716033044988, -0.7964224547453214, -2.780629209405815, 2.5727620235264688, -2.0209833033404845, 2.063965153997512, 0.7704251880530472, -1.13497933895239, 1.8316902287648295e-15],